id;first_name;last_name;birth_date;nationality;biography
1;Odette;Meyer;2026-05-18;délégation sage;pin-pon téléphoner
2;Hubert;Riviere;2026-05-18;tard lorsque en face de;justifier énergique commissionnaire
3;Gabin;Gonzalez;2026-05-18;ça secours;sauf
4;Irina;Aubry;2026-05-18;mieux quand;piquer
5;Absalon;Clement;2026-05-18;maîtriser si vouh;là
6;Corentine;Picard;2026-05-18;divinement;de façon à pendant fonctionner
7;Mahaut;Laurent;2026-05-18;pourvu que;à défaut de
8;Ursule;Guillaume;2026-05-18;plouf;tant que splendide
9;Adalric;Boyer;2026-05-18;bien que jeune enfant triathlète;volontiers admirablement
10;Élie;Aubert;2026-05-18;aussitôt;clientèle
11;Raoul;Meunier;2026-05-18;puisque;ouille bof certes
12;Martial;Louis;2026-05-18;énorme;à moins de si bien que dès que
13;Ismérie;Robert;2026-05-18;administration dès que;gens drelin
14;Émilie;Jacquet;2026-05-18;puisque calme drelin;fourrer
15;Anthelmette;Deschamps;2026-05-18;miaou patientèle neutre;en face de étant donné que
16;Vianney;Roche;2026-05-18;blablabla aux environs de;ha
17;René;Perez;2026-05-18;atchoum;antagoniste hypocrite du moment que
18;Axelle;Collet;2026-05-18;diététiste après;au-dehors du moment que miam
19;Mathurin;Fleury;2026-05-18;à seule fin de sitôt que au-dessus;en bas de
20;Aquiline;Leclercq;2026-05-18;quoique;foule lunatique
21;Léonard;Dumont;2026-05-18;embarquer;lorsque diététiste
22;Émeline;Guerin;2026-05-18;membre titulaire de crainte que ramper;à condition que derrière
23;Aloïse;Renard;2026-05-18;délectable sans que;même si
24;Marcel;Leroux;2026-05-18;parce que;ferme arracher
25;Alcidie;Pierre;2026-05-18;novice afin de;claquer
26;Baudouin;Fabre;2026-05-18;citer toc-toc;touriste badaboum areu areu
27;Christophe;Olivier;2026-05-18;subito;hirsute rejeter
28;Gui;Lemoine;2026-05-18;diplomate au-delà raide;analyser tant que enseigner
29;Alberte;Lopez;2026-05-18;blablabla à côté de ennuyer;fonctionnaire triathlète
30;Samuel;Fournier;2026-05-18;correspondre;traîner
