id;name;address;city;phone;email
1;au-dessous à peine ha ha;incliner au-dessus;Poitiers;0198052604;Alize.Rolland@yahoo.fr
2;communauté étudiante;à l'encontre de extatique;Pessac;0207951187;Lionel.Brun1@hotmail.fr
3;accommoder;afin que;Montpellier;+33 627999379;Longin.Schneider28@hotmail.fr
4;terriblement;sans à côté de prononcer;Les Abymes;0488624244;Armide_Julien@hotmail.fr
5;responsable cyan;hé jusqu’à ce que ouf;Sarcelles;+33 140086026;Aloise.Martinez@gmail.com
6;drelin pendant que;arranger orange aussitôt que;Drancy;0381559889;Hildebert21@hotmail.fr
7;psitt abîmer;psitt;Les Abymes;+33 119515556;Lambert_Dasilva@gmail.com
8;plic efficace;dès que miam boum;Vitry-sur-Seine;+33 180593510;Hermine.Brun32@yahoo.fr
9;incliner;badaboum;Boulogne-Billancourt;0579533114;Aldegonde_Morin@hotmail.fr
10;entre précipiter fumer;membre du personnel;Saint-Quentin;0487337977;Maximilien32@gmail.com
11;conseil municipal probablement sauf;derrière;Tours;+33 659575091;Gedeon.Guerin@gmail.com
12;aussitôt rédaction quoique;conseil d’administration insulter;Nancy;+33 638384773;Arsinoe83@hotmail.fr
13;extatique outre;jeune enfant;Bourges;+33 432840127;Pulcherie.Olivier61@gmail.com
14;précisément ouch hystérique;au point que broum;Saint-Étienne;0292947436;Sixtine.Aubert@hotmail.fr
15;au-dessus de gestionnaire;propre collègue ouf;Levallois-Perret;0745340298;Angilberte.Menard@gmail.com
16;autrement;depuis;Calais;+33 799786933;Agathe_Dasilva6@gmail.com
17;étouffer dorénavant;dessiner dessus;Aulnay-sous-Bois;0297144318;Elisee.Morin58@yahoo.fr
18;bof;incliner;Saint-Nazaire;+33 362606213;Tanguy_Noel26@gmail.com
19;athlète gai naguère;grandement expliquer;Villeneuve-d'Ascq;+33 255265950;Agathe76@yahoo.fr
20;ainsi adversaire commis de cuisine;cadre;Colombes;+33 275634183;Aimable62@yahoo.fr
21;meuh secours alors que;direction sans doute;Dijon;0274296433;Adjutor_Dumas@yahoo.fr
22;membre titulaire entre;remuer;Drancy;+33 347857760;Eugenie_Gerard@gmail.com
23;chef sans que;à seule fin de demain;Nanterre;0555472216;Charlaine_Gautier@hotmail.fr
24;membre du personnel rudement veiller;affable toutefois de sorte que;Avignon;+33 693392299;Coralie_Leroux@gmail.com
25;membre du personnel diététiste;pourvu que compromettre;Béziers;+33 636595114;Frederique.Carre@yahoo.fr
26;altruiste;depuis;Strasbourg;0552831332;Lazare.Marchand@yahoo.fr
27;euh;aimable devant;Amiens;0279987236;Gerberge_Francois@gmail.com
28;protéger;ah de manière à ce que parfois;Dunkerque;0451749363;Mauricette_Bertrand60@gmail.com
29;paf;crac badaboum pourvu que;Aubervilliers;0202296402;Prudence27@hotmail.fr
30;de façon à ce que timide insipide;triangulaire areu areu;Marseille;+33 673740882;Gondebaud_Lefevre24@hotmail.fr
