id;rating;comment;created_at
1;1;abattre même si;2026-05-18T21:19:40
2;2;diététiste en guise de;2026-05-18T22:34:53
3;4;au point que tenir;2026-05-18T15:20:36
4;3;d’autant que suivant;2026-05-18T16:45:05
5;5;proposer durant;2026-05-18T05:42:02
6;2;de manière à ce que énorme;2026-05-18T02:07:34
7;2;de manière à ce que camper de manière à ce que;2026-05-18T02:21:35
8;5;géométrique fonctionnaire;2026-05-18T08:54:17
9;4;communauté étudiante fidèle lectorat;2026-05-18T14:57:10
10;1;autrement passager;2026-05-18T16:32:25
11;3;chez;2026-05-18T01:40:18
12;1;accrocher secouriste aimable;2026-05-18T17:17:21
13;3;aborder;2026-05-18T03:42:32
14;3;arrière;2026-05-18T13:39:58
15;4;vraisemblablement hôte au point que;2026-05-18T18:44:54
16;1;entre-temps police;2026-05-18T09:15:48
17;4;prout;2026-05-18T01:00:28
18;4;boum recourir;2026-05-18T07:00:06
19;4;d'entre désagréable;2026-05-18T18:17:29
20;2;proche;2026-05-18T09:52:20
21;1;autour de;2026-05-18T17:41:34
22;4;du moment que;2026-05-18T23:53:52
23;2;peindre auprès de;2026-05-18T22:40:46
24;3;smack guide;2026-05-18T02:15:32
25;5;procéder réserver d'entre;2026-05-18T00:04:11
26;1;au défaut de cadre secouriste;2026-05-18T23:10:51
27;4;de crainte que détailler provoquer;2026-05-18T19:34:23
28;5;smack briller;2026-05-18T16:54:58
29;3;clac puisque;2026-05-18T13:01:51
30;5;orange dynamique ha;2026-05-18T18:19:18
